Channel,Index,Value
Left,0,-0.006198
Left,1,0.02446
Left,2,-0.016191
Left,3,-0.009088
Left,4,0.008054
Left,5,0.016255
Left,6,0.029827
Left,7,0.021871
Left,8,-0.003925
Left,9,0.004575
Left,10,0.022634
Left,11,0.021542
Left,12,0.029401
Left,13,0.028095
Left,14,0.022204
Left,15,0.040925
Left,16,0.036778
Left,17,0.031401
Left,18,0.065814
Left,19,0.045956
Left,20,0.069821
Left,21,0.00243
Left,22,0.043949
Left,23,0.042391
Left,24,0.074761
Left,25,0.030555
Left,26,0.063074
Left,27,0.03316
Left,28,0.041451
Left,29,0.05196
Left,30,0.047019
Left,31,0.038303
Left,32,0.062383
Left,33,0.031356
Left,34,0.045033
Left,35,0.002491
Left,36,0.062476
Left,37,0.038843
Left,38,-0.021624
Left,39,0.062822
Left,40,0.035627
Left,41,0.033083
Left,42,0.038189
Left,43,0.025559
Left,44,-0.014082
Left,45,0.037198
Left,46,0.034315
Left,47,0.024145
Left,48,0.010057
Left,49,0.032209
Left,50,-0.013443
Left,51,-0.006705
Left,52,0.000743
Left,53,0.029209
Left,54,-0.013801
Left,55,-0.042333
Left,56,-0.01549
Left,57,-0.012183
Left,58,-0.011727
Left,59,-0.033705
Left,60,-0.032934
Left,61,-0.073975
Left,62,-0.042462
Left,63,-0.046142
Left,64,-0.053509
Left,65,-0.048046
Left,66,-0.020241
Left,67,-0.034762
Left,68,-0.048088
Left,69,-0.046257
Left,70,-0.039134
Left,71,-0.08652
Left,72,-0.019887
Left,73,-0.071491
Left,74,-0.060483
Left,75,-0.033539
Left,76,-0.045997
Left,77,-0.069879
Left,78,-0.030129
Left,79,-0.028894
Left,80,-0.013648
Left,81,-0.044618
Left,82,-0.006215
Left,83,-0.058681
Left,84,-0.05117
Left,85,-0.062883
Left,86,-0.020341
Left,87,-0.045476
Left,88,-0.021579
Left,89,-0.079183
Left,90,0.010934
Left,91,-0.020781
Left,92,-0.030491
Left,93,-0.016111
Left,94,-0.026763
Left,95,0.00243
Left,96,-0.012327
Left,97,-0.018631
Left,98,-0.008771
Left,99,0.036748
Left,100,0.00753
Left,101,-0.016098
Left,102,-0.0167
Left,103,0.005203
Left,104,0.043241
Left,105,0.033647
Left,106,0.038218
Left,107,0.015882
Left,108,0.033699
Left,109,0.035993
Left,110,0.028656
Left,111,0.023441
Left,112,0.015647
Left,113,0.039913
Left,114,0.063148
Left,115,0.02517
Left,116,0.044342
Left,117,0.082959
Left,118,0.034774
Left,119,0.03905
Left,120,0.006064
Left,121,0.050227
Left,122,0.049287
Left,123,0.004978
Left,124,0.044038
Left,125,0.063541
Left,126,0.046257
Left,127,0.057623
Left,128,0.097998
Left,129,0.047159
Left,130,0.059457
Left,131,0.029995
Left,132,0.057545
Left,133,0.042991
Left,134,0.086102
Left,135,0.034377
Left,136,0.02954
Left,137,0.024779
Left,138,0.041799
Left,139,0.04186
Left,140,0.01047
Left,141,0.030887
Left,142,0.01656
Left,143,-0.010474
Left,144,-0.01115
Left,145,0.003501
Left,146,0.023462
Left,147,0.009663
Left,148,0.007919
Left,149,0.003663
Left,150,-0.011173
Left,151,-0.026771
Left,152,-0.025209
Left,153,0.029566
Left,154,-0.037065
Left,155,0.000843
Left,156,-0.022629
Left,157,-0.011752
Left,158,-0.029173
Left,159,-0.017814
Left,160,-0.026202
Left,161,-0.03245
Left,162,-0.03921
Left,163,-0.021653
Left,164,-0.065673
Left,165,-0.001993
Left,166,-0.044871
Left,167,-0.058868
Left,168,-0.068337
Left,169,-0.052905
Left,170,-0.026294
Left,171,-0.075252
Left,172,-0.016577
Left,173,-0.02805
Left,174,-0.059142
Left,175,-0.038741
Left,176,-0.011962
Left,177,-0.050264
Left,178,-0.061002
Left,179,-0.057387
Left,180,-0.041285
Left,181,-0.060904
Left,182,-0.010982
Left,183,-0.029031
Left,184,-0.019434
Left,185,-0.022076
Left,186,-0.07656
Left,187,-0.023835
Left,188,-0.046733
Left,189,0.001335
Left,190,-0.034757
Left,191,-0.006933
Left,192,-0.029146
Left,193,-0.008104
Left,194,-0.042014
Left,195,-0.017843
Left,196,0.001167
Left,197,-0.010522
Left,198,-0.009341
Left,199,-0.003875
Left,200,0.04725
Left,201,-0.003565
Left,202,0.022935
Left,203,-0.022921
Left,204,0.006549
Left,205,-0.025541
Left,206,0.0192
Left,207,0.012133
Left,208,0.037925
Left,209,0.027854
Left,210,0.03923
Left,211,0.063266
Left,212,0.063319
Left,213,0.081558
Left,214,0.089172
Left,215,0.091437
Left,216,0.063105
Left,217,0.073648
Left,218,0.072997
Left,219,0.079859
Left,220,0.105043
Left,221,0.088368
Left,222,0.153282
Left,223,0.147771
Left,224,0.112145
Left,225,0.131288
Left,226,0.125974
Left,227,0.167012
Left,228,0.152349
Left,229,0.191346
Left,230,0.106499
Left,231,0.154426
Left,232,0.131082
Left,233,0.175919
Left,234,0.133538
Left,235,0.139377
Left,236,0.102665
Left,237,0.155645
Left,238,0.129271
Left,239,0.127881
Left,240,0.061346
Left,241,0.107302
Left,242,0.078137
Left,243,0.079087
Left,244,0.070739
Left,245,0.049695
Left,246,0.02742
Left,247,0.030596
Left,248,0.050523
Left,249,0.026326
Left,250,-0.018496
Left,251,-0.039922
Left,252,-0.026377
Left,253,0.010119
Left,254,-0.062024
Left,255,-0.07343
Left,256,-0.080463
Left,257,-0.104989
Left,258,-0.116398
Left,259,-0.111068
Left,260,-0.129518
Left,261,-0.165258
Left,262,-0.183704
Left,263,-0.183731
Left,264,-0.197922
Left,265,-0.190132
Left,266,-0.214397
Left,267,-0.240889
Left,268,-0.247474
Left,269,-0.255116
Left,270,-0.249599
Left,271,-0.286893
Left,272,-0.310624
Left,273,-0.283838
Left,274,-0.264927
Left,275,-0.262717
Left,276,-0.284552
Left,277,-0.29271
Left,278,-0.315981
Left,279,-0.288598
Left,280,-0.294496
Left,281,-0.275486
Left,282,-0.29287
Left,283,-0.279086
Left,284,-0.22549
Left,285,-0.225978
Left,286,-0.267915
Left,287,-0.216724
Left,288,-0.248465
Left,289,-0.201229
Left,290,-0.193333
Left,291,-0.163149
Left,292,-0.152913
Left,293,-0.162459
Left,294,-0.101165
Left,295,-0.088899
Left,296,-0.089886
Left,297,-0.026141
Left,298,-0.007648
Left,299,-0.007712
Left,300,0.01528
Left,301,0.004421
Left,302,0.02352
Left,303,0.074451
Left,304,0.093945
Left,305,0.132397
Left,306,0.141487
Left,307,0.191879
Left,308,0.184893
Left,309,0.221593
Left,310,0.279293
Left,311,0.234763
Left,312,0.249828
Left,313,0.30464
Left,314,0.31368
Left,315,0.387285
Left,316,0.352139
Left,317,0.386387
Left,318,0.37782
Left,319,0.401323
Left,320,0.421029
Left,321,0.423617
Left,322,0.473153
Left,323,0.415401
Left,324,0.466973
Left,325,0.44917
Left,326,0.407473
Left,327,0.437533
Left,328,0.40789
Left,329,0.457185
Left,330,0.440468
Left,331,0.423338
Left,332,0.415559
Left,333,0.424027
Left,334,0.396263
Left,335,0.369133
Left,336,0.332561
Left,337,0.377979
Left,338,0.321959
Left,339,0.332716
Left,340,0.249055
Left,341,0.241197
Left,342,0.209252
Left,343,0.172316
Left,344,0.165316
Left,345,0.148967
Left,346,0.109359
Left,347,0.078797
Left,348,0.045937
Left,349,0.029894
Left,350,0.006765
Left,351,-0.044212
Left,352,-0.08573
Left,353,-0.09001
Left,354,-0.167629
Left,355,-0.146606
Left,356,-0.205141
Left,357,-0.2144
Left,358,-0.284436
Left,359,-0.313387
Left,360,-0.325105
Left,361,-0.340019
Left,362,-0.412969
Left,363,-0.396311
Left,364,-0.428293
Left,365,-0.461214
Left,366,-0.495321
Left,367,-0.510299
Left,368,-0.52447
Left,369,-0.558607
Left,370,-0.572282
Left,371,-0.610254
Left,372,-0.58503
Left,373,-0.591097
Left,374,-0.600913
Left,375,-0.598949
Left,376,-0.626317
Left,377,-0.612486
Left,378,-0.584246
Left,379,-0.604597
Left,380,-0.604752
Left,381,-0.561796
Left,382,-0.544509
Left,383,-0.520132
Left,384,-0.540387
Left,385,-0.503632
Left,386,-0.471352
Left,387,-0.450694
Left,388,-0.45892
Left,389,-0.395826
Left,390,-0.389866
Left,391,-0.334281
Left,392,-0.272655
Left,393,-0.264233
Left,394,-0.195798
Left,395,-0.200879
Left,396,-0.183097
Left,397,-0.113056
Left,398,-0.067839
Left,399,0.000702
Left,400,-0.006609
Left,401,0.061765
Left,402,0.115762
Left,403,0.1388
Left,404,0.208757
Left,405,0.229327
Left,406,0.282536
Left,407,0.314122
Left,408,0.326647
Left,409,0.394407
Left,410,0.427505
Left,411,0.498107
Left,412,0.517239
Left,413,0.521516
Left,414,0.601436
Left,415,0.614204
Left,416,0.645614
Left,417,0.635112
Left,418,0.672772
Left,419,0.713714
Left,420,0.692765
Left,421,0.678262
Left,422,0.724558
Left,423,0.760578
Left,424,0.769273
Left,425,0.806584
Left,426,0.754139
Left,427,0.802718
Left,428,0.764112
Left,429,0.743324
Left,430,0.720519
Left,431,0.734831
Left,432,0.65729
Left,433,0.70416
Left,434,0.620374
Left,435,0.623451
Left,436,0.601875
Left,437,0.572261
Left,438,0.515848
Left,439,0.500839
Left,440,0.482574
Left,441,0.419434
Left,442,0.363572
Left,443,0.31668
Left,444,0.287356
Left,445,0.246226
Left,446,0.174382
Left,447,0.143675
Left,448,0.107735
Left,449,0.01182
Left,450,-0.025481
Left,451,-0.073797
Left,452,-0.110246
Left,453,-0.192539
Left,454,-0.224225
Left,455,-0.271802
Left,456,-0.343511
Left,457,-0.370584
Left,458,-0.413803
Left,459,-0.462564
Left,460,-0.525253
Left,461,-0.611375
Left,462,-0.620857
Left,463,-0.63433
Left,464,-0.686322
Left,465,-0.734694
Left,466,-0.757714
Left,467,-0.800791
Left,468,-0.784727
Left,469,-0.842576
Left,470,-0.874024
Left,471,-0.901246
Left,472,-0.874546
Left,473,-0.908159
Left,474,-0.92208
Left,475,-0.947994
Left,476,-0.897588
Left,477,-0.914682
Left,478,-0.899528
Left,479,-0.917322
Left,480,-0.885989
Left,481,-0.880113
Left,482,-0.838402
Left,483,-0.771778
Left,484,-0.756294
Left,485,-0.742774
Left,486,-0.688825
Left,487,-0.712284
Left,488,-0.613061
Left,489,-0.573377
Left,490,-0.560404
Left,491,-0.517596
Left,492,-0.463261
Left,493,-0.397862
Left,494,-0.31109
Left,495,-0.269929
Left,496,-0.19815
Left,497,-0.148494
Left,498,-0.068093
Left,499,-0.008211
Left,500,0.012972
Left,501,0.118711
Left,502,0.14103
Left,503,0.199995
Left,504,0.290197
Left,505,0.35247
Left,506,0.377178
Left,507,0.46765
Left,508,0.536534
Left,509,0.570711
Left,510,0.613075
Left,511,0.668146
Left,512,0.705671
Left,513,0.781744
Left,514,0.774318
Left,515,0.843342
Left,516,0.882236
Left,517,0.893311
Left,518,0.894945
Left,519,0.933138
Left,520,0.979397
Left,521,0.951819
Left,522,0.974495
Left,523,0.987058
Left,524,1.0
Left,525,0.989113
Left,526,0.978712
Left,527,0.983198
Left,528,0.971166
Left,529,0.936971
Left,530,0.968839
Left,531,0.946911
Left,532,0.896303
Left,533,0.851053
Left,534,0.796979
Left,535,0.792753
Left,536,0.739261
Left,537,0.726783
Left,538,0.65878
Left,539,0.622741
Left,540,0.523133
Left,541,0.494672
Left,542,0.431909
Left,543,0.385229
Left,544,0.354458
Left,545,0.252886
Left,546,0.186858
Left,547,0.137969
Left,548,0.09883
Left,549,0.024835
Left,550,-0.005693
Left,551,-0.117531
Left,552,-0.139252
Left,553,-0.176807
Left,554,-0.269153
Left,555,-0.361808
Left,556,-0.37668
Left,557,-0.451653
Left,558,-0.505902
Left,559,-0.535266
Left,560,-0.607962
Left,561,-0.681283
Left,562,-0.732459
Left,563,-0.742955
Left,564,-0.799719
Left,565,-0.788336
Left,566,-0.812136
Left,567,-0.911523
Left,568,-0.900697
Left,569,-0.95372
Left,570,-0.965658
Left,571,-1.0
Left,572,-1.0
Left,573,-1.0
Left,574,-0.967316
Left,575,-0.972957
Left,576,-1.0
Left,577,-0.987448
Left,578,-0.982053
Left,579,-0.97607
Left,580,-0.927116
Left,581,-0.9534
Left,582,-0.917884
Left,583,-0.8671
Left,584,-0.832509
Left,585,-0.789406
Left,586,-0.758278
Left,587,-0.724987
Left,588,-0.631264
Left,589,-0.584488
Left,590,-0.545709
Left,591,-0.498725
Left,592,-0.499832
Left,593,-0.40207
Left,594,-0.333557
Left,595,-0.254511
Left,596,-0.176161
Left,597,-0.153298
Left,598,-0.078879
Left,599,-0.003787
Left,600,0.053106
Left,601,0.104835
Left,602,0.176019
Left,603,0.233854
Left,604,0.248341
Left,605,0.3426
Left,606,0.41028
Left,607,0.445658
Left,608,0.530311
Left,609,0.5797
Left,610,0.621746
Left,611,0.673164
Left,612,0.717166
Left,613,0.784083
Left,614,0.799152
Left,615,0.835513
Left,616,0.865036
Left,617,0.930227
Left,618,0.938744
Left,619,0.883864
Left,620,0.966172
Left,621,0.985812
Left,622,0.985304
Left,623,1.0
Left,624,0.983375
Left,625,1.0
Left,626,0.97314
Left,627,0.968709
Left,628,0.999029
Left,629,0.966967
Left,630,0.931902
Left,631,0.916141
Left,632,0.897245
Left,633,0.874142
Left,634,0.796724
Left,635,0.779034
Left,636,0.737005
Left,637,0.681339
Left,638,0.631428
Left,639,0.566338
Left,640,0.573099
Left,641,0.474529
Left,642,0.495338
Left,643,0.387885
Left,644,0.318161
Left,645,0.236764
Left,646,0.171628
Left,647,0.104426
Left,648,0.062159
Left,649,0.029282
Left,650,-0.053783
Left,651,-0.102077
Left,652,-0.155106
Left,653,-0.187366
Left,654,-0.248307
Left,655,-0.35397
Left,656,-0.400654
Left,657,-0.452482
Left,658,-0.517938
Left,659,-0.561984
Left,660,-0.638072
Left,661,-0.650847
Left,662,-0.716624
Left,663,-0.75045
Left,664,-0.805417
Left,665,-0.862478
Left,666,-0.868462
Left,667,-0.858861
Left,668,-0.899207
Left,669,-0.969067
Left,670,-0.939482
Left,671,-0.989936
Left,672,-0.989734
Left,673,-0.981685
Left,674,-1.0
Left,675,-1.0
Left,676,-1.0
Left,677,-1.0
Left,678,-0.950707
Left,679,-0.965138
Left,680,-0.926623
Left,681,-0.943036
Left,682,-0.893251
Left,683,-0.847349
Left,684,-0.824122
Left,685,-0.772208
Left,686,-0.714653
Left,687,-0.68554
Left,688,-0.660673
Left,689,-0.619541
Left,690,-0.528998
Left,691,-0.501386
Left,692,-0.449422
Left,693,-0.381107
Left,694,-0.274842
Left,695,-0.264356
Left,696,-0.210894
Left,697,-0.126254
Left,698,-0.092325
Left,699,-0.014923
Left,700,0.0269
Left,701,0.083458
Left,702,0.176846
Left,703,0.228725
Left,704,0.286396
Left,705,0.333996
Left,706,0.408107
Left,707,0.434697
Left,708,0.524249
Left,709,0.54765
Left,710,0.645616
Left,711,0.646678
Left,712,0.68481
Left,713,0.728558
Left,714,0.77105
Left,715,0.759761
Left,716,0.826143
Left,717,0.843783
Left,718,0.865645
Left,719,0.897448
Left,720,0.918019
Left,721,0.919805
Left,722,0.953912
Left,723,0.932803
Left,724,0.897326
Left,725,0.955975
Left,726,0.914594
Left,727,0.909568
Left,728,0.865231
Left,729,0.872495
Left,730,0.868511
Left,731,0.806558
Left,732,0.796865
Left,733,0.728952
Left,734,0.750415
Left,735,0.692913
Left,736,0.671366
Left,737,0.609646
Left,738,0.541579
Left,739,0.53754
Left,740,0.464554
Left,741,0.422938
Left,742,0.419069
Left,743,0.320437
Left,744,0.271247
Left,745,0.206754
Left,746,0.186314
Left,747,0.127057
Left,748,0.062634
Left,749,0.019103
Left,750,-0.0175
Left,751,-0.077252
Left,752,-0.128099
Left,753,-0.184789
Left,754,-0.224262
Left,755,-0.298721
Left,756,-0.344334
Left,757,-0.356454
Left,758,-0.418866
Left,759,-0.452255
Left,760,-0.520823
Left,761,-0.547622
Left,762,-0.577223
Left,763,-0.615847
Left,764,-0.612741
Left,765,-0.648041
Left,766,-0.672916
Left,767,-0.724956
Left,768,-0.730795
Left,769,-0.713663
Left,770,-0.731031
Left,771,-0.758438
Left,772,-0.750074
Left,773,-0.745082
Left,774,-0.743857
Left,775,-0.738588
Left,776,-0.719247
Left,777,-0.754387
Left,778,-0.714244
Left,779,-0.702366
Left,780,-0.664522
Left,781,-0.676672
Left,782,-0.646606
Left,783,-0.59959
Left,784,-0.597374
Left,785,-0.593519
Left,786,-0.529982
Left,787,-0.515269
Left,788,-0.458895
Left,789,-0.421787
Left,790,-0.403778
Left,791,-0.326256
Left,792,-0.312695
Left,793,-0.271167
Left,794,-0.191989
Left,795,-0.164472
Left,796,-0.093026
Left,797,-0.098797
Left,798,-0.04095
Left,799,0.01973
Left,800,0.013793
Left,801,0.09806
Left,802,0.124524
Left,803,0.152245
Left,804,0.211948
Left,805,0.237875
Left,806,0.268391
Left,807,0.324303
Left,808,0.34155
Left,809,0.359421
Left,810,0.37114
Left,811,0.430859
Left,812,0.456083
Left,813,0.451086
Left,814,0.487902
Left,815,0.492241
Left,816,0.523265
Left,817,0.564811
Left,818,0.5476
Left,819,0.58933
Left,820,0.613971
Left,821,0.583492
Left,822,0.603788
Left,823,0.555497
Left,824,0.577125
Left,825,0.546493
Left,826,0.609879
Left,827,0.538694
Left,828,0.546523
Left,829,0.519108
Left,830,0.535765
Left,831,0.522811
Left,832,0.487263
Left,833,0.472545
Left,834,0.425527
Left,835,0.450449
Left,836,0.422036
Left,837,0.392128
Left,838,0.346863
Left,839,0.336258
Left,840,0.299793
Left,841,0.252126
Left,842,0.236709
Left,843,0.172568
Left,844,0.139207
Left,845,0.123138
Left,846,0.115788
Left,847,0.089938
Left,848,0.085488
Left,849,0.018805
Left,850,-0.023852
Left,851,-0.02578
Left,852,-0.120569
Left,853,-0.129158
Left,854,-0.160664
Left,855,-0.170605
Left,856,-0.214613
Left,857,-0.237799
Left,858,-0.243436
Left,859,-0.265272
Left,860,-0.308387
Left,861,-0.328095
Left,862,-0.33768
Left,863,-0.356969
Left,864,-0.387828
Left,865,-0.37026
Left,866,-0.382193
Left,867,-0.418331
Left,868,-0.371568
Left,869,-0.439592
Left,870,-0.420802
Left,871,-0.443858
Left,872,-0.396279
Left,873,-0.453609
Left,874,-0.44729
Left,875,-0.429658
Left,876,-0.398679
Left,877,-0.431788
Left,878,-0.409075
Left,879,-0.394261
Left,880,-0.334223
Left,881,-0.330165
Left,882,-0.335504
Left,883,-0.340196
Left,884,-0.352563
Left,885,-0.280459
Left,886,-0.307844
Left,887,-0.284894
Left,888,-0.197113
Left,889,-0.234281
Left,890,-0.230553
Left,891,-0.168102
Left,892,-0.157984
Left,893,-0.168933
Left,894,-0.087639
Left,895,-0.131161
Left,896,-0.06061
Left,897,-0.021463
Left,898,-0.011334
Left,899,-0.017436
Left,900,0.006994
Left,901,0.044707
Left,902,0.045094
Left,903,0.074254
Left,904,0.131735
Left,905,0.141082
Left,906,0.137175
Left,907,0.153705
Left,908,0.183785
Left,909,0.181162
Left,910,0.202695
Left,911,0.145403
Left,912,0.211584
Left,913,0.201302
Left,914,0.213162
Left,915,0.235617
Left,916,0.248947
Left,917,0.300568
Left,918,0.251067
Left,919,0.244817
Left,920,0.276788
Left,921,0.26118
Left,922,0.203146
Left,923,0.261118
Left,924,0.283021
Left,925,0.23396
Left,926,0.225586
Left,927,0.250319
Left,928,0.1923
Left,929,0.224306
Left,930,0.202375
Left,931,0.203815
Left,932,0.178861
Left,933,0.206469
Left,934,0.166736
Left,935,0.182752
Left,936,0.168781
Left,937,0.133157
Left,938,0.132489
Left,939,0.144302
Left,940,0.118269
Left,941,0.096158
Left,942,0.063457
Left,943,0.057786
Left,944,0.084208
Left,945,0.06713
Left,946,-0.042134
Left,947,0.047647
Left,948,0.013241
Left,949,0.006577
Left,950,0.00963
Left,951,-0.016926
Left,952,-0.034044
Left,953,-0.026168
Left,954,-0.019179
Left,955,-0.03034
Left,956,-0.080057
Left,957,-0.072289
Left,958,-0.071631
Left,959,-0.121467
Left,960,-0.043016
Left,961,-0.053799
Left,962,-0.10072
Left,963,-0.142211
Left,964,-0.092928
Left,965,-0.05832
Left,966,-0.097701
Left,967,-0.119149
Left,968,-0.083868
Left,969,-0.117297
Left,970,-0.082247
Left,971,-0.073722
Left,972,-0.070883
Left,973,-0.084333
Left,974,-0.104614
Left,975,-0.057995
Left,976,-0.060662
Left,977,-0.059745
Left,978,-0.104545
Left,979,-0.046304
Left,980,-0.041666
Left,981,-0.056524
Left,982,-0.058684
Left,983,-0.056569
Left,984,-0.049128
Left,985,-0.036673
Left,986,-0.046915
Left,987,-0.034395
Left,988,-0.017219
Left,989,-0.034585
Left,990,-0.02726
Left,991,-0.00982
Left,992,-0.012781
Left,993,0.004368
Left,994,0.00248
Left,995,0.005358
Left,996,0.002952
Left,997,0.021243
Left,998,0.009102
Left,999,-0.004273
Right,0,0.061457
Right,1,0.051507
Right,2,0.058475
Right,3,0.049583
Right,4,0.046007
Right,5,0.052109
Right,6,0.027884
Right,7,0.033032
Right,8,0.02005
Right,9,0.000431
Right,10,0.057358
Right,11,0.026705
Right,12,0.046422
Right,13,0.013112
Right,14,0.063661
Right,15,0.024425
Right,16,0.033263
Right,17,0.022117
Right,18,-0.029413
Right,19,0.044424
Right,20,0.031602
Right,21,0.007066
Right,22,0.011914
Right,23,-0.01267
Right,24,-0.027909
Right,25,0.001386
Right,26,0.043279
Right,27,0.010589
Right,28,-0.017205
Right,29,0.015132
Right,30,-0.05334
Right,31,-0.010635
Right,32,-0.019355
Right,33,-0.026244
Right,34,0.00054
Right,35,-0.044659
Right,36,-0.010749
Right,37,-0.052979
Right,38,-0.058113
Right,39,-0.03288
Right,40,0.006101
Right,41,-0.018708
Right,42,-0.016887
Right,43,-0.022847
Right,44,-0.043856
Right,45,-0.057759
Right,46,-0.046155
Right,47,-0.053245
Right,48,-0.040832
Right,49,-0.066473
Right,50,-0.032308
Right,51,-0.046157
Right,52,-0.05498
Right,53,-0.083026
Right,54,-0.056854
Right,55,-0.07365
Right,56,-0.038005
Right,57,-0.013555
Right,58,-0.059008
Right,59,-0.029365
Right,60,-0.059696
Right,61,-0.023991
Right,62,-0.039788
Right,63,0.005293
Right,64,-0.000115
Right,65,-0.048968
Right,66,-0.007424
Right,67,-0.021389
Right,68,-0.001297
Right,69,0.011662
Right,70,-0.014223
Right,71,-0.011115
Right,72,-0.022739
Right,73,-0.025524
Right,74,-0.014174
Right,75,0.008434
Right,76,-0.014096
Right,77,-0.001442
Right,78,-0.019437
Right,79,-0.00623
Right,80,0.036543
Right,81,0.027749
Right,82,0.024127
Right,83,0.034967
Right,84,0.043955
Right,85,0.045639
Right,86,0.074929
Right,87,0.047429
Right,88,0.019207
Right,89,0.057408
Right,90,0.020969
Right,91,0.054816
Right,92,0.05673
Right,93,0.064864
Right,94,0.042925
Right,95,0.034813
Right,96,0.057988
Right,97,0.018284
Right,98,0.050119
Right,99,0.041947
Right,100,0.057063
Right,101,0.068818
Right,102,0.028351
Right,103,0.040165
Right,104,0.055814
Right,105,0.048395
Right,106,0.015403
Right,107,0.053987
Right,108,0.047891
Right,109,0.011523
Right,110,0.051219
Right,111,0.016932
Right,112,0.045644
Right,113,0.012831
Right,114,-0.000657
Right,115,0.046261
Right,116,0.034542
Right,117,0.046424
Right,118,0.049615
Right,119,0.024765
Right,120,0.065447
Right,121,0.003601
Right,122,0.009687
Right,123,0.010663
Right,124,0.039467
Right,125,-0.02623
Right,126,0.024412
Right,127,-0.029804
Right,128,0.023911
Right,129,-0.036336
Right,130,-0.051571
Right,131,-0.043755
Right,132,-0.035781
Right,133,-0.019523
Right,134,-0.015435
Right,135,-0.014461
Right,136,0.000728
Right,137,-0.008795
Right,138,-0.042413
Right,139,-0.054036
Right,140,-0.053271
Right,141,-0.051109
Right,142,-0.056127
Right,143,-0.056504
Right,144,-0.05384
Right,145,-0.072478
Right,146,-0.051979
Right,147,-0.050503
Right,148,-0.068738
Right,149,-0.044644
Right,150,-0.051133
Right,151,-0.084539
Right,152,-0.015431
Right,153,-0.031638
Right,154,-0.05128
Right,155,-0.071122
Right,156,-0.082121
Right,157,-0.048015
Right,158,-0.047093
Right,159,-0.040838
Right,160,-0.028811
Right,161,-0.018269
Right,162,-0.064473
Right,163,-0.028522
Right,164,-0.008018
Right,165,-0.001884
Right,166,-0.025747
Right,167,-0.020387
Right,168,0.029509
Right,169,0.006629
Right,170,-0.028509
Right,171,-0.011246
Right,172,-0.027115
Right,173,-0.010274
Right,174,0.019983
Right,175,-0.013206
Right,176,-0.018457
Right,177,0.014554
Right,178,0.001016
Right,179,0.000665
Right,180,0.025138
Right,181,0.003467
Right,182,0.015979
Right,183,0.023964
Right,184,0.040092
Right,185,0.041129
Right,186,0.023373
Right,187,0.048463
Right,188,0.048277
Right,189,0.05318
Right,190,0.029326
Right,191,0.061323
Right,192,0.025783
Right,193,0.029622
Right,194,0.061787
Right,195,0.008223
Right,196,0.007411
Right,197,0.060006
Right,198,0.036072
Right,199,0.064392
Right,200,0.043055
Right,201,0.053677
Right,202,0.045616
Right,203,0.044472
Right,204,0.046049
Right,205,0.057455
Right,206,0.055597
Right,207,0.098545
Right,208,0.071263
Right,209,0.048649
Right,210,0.090209
Right,211,0.083546
Right,212,0.053149
Right,213,0.077773
Right,214,0.017579
Right,215,0.073496
Right,216,0.060212
Right,217,0.030146
Right,218,0.027497
Right,219,0.043873
Right,220,0.032269
Right,221,0.029299
Right,222,0.028942
Right,223,0.008815
Right,224,0.000279
Right,225,-0.007287
Right,226,-0.02209
Right,227,0.001401
Right,228,-0.025038
Right,229,-0.059726
Right,230,-0.05416
Right,231,-0.05684
Right,232,-0.037795
Right,233,-0.076985
Right,234,-0.077686
Right,235,-0.098917
Right,236,-0.07976
Right,237,-0.082493
Right,238,-0.12711
Right,239,-0.132836
Right,240,-0.153957
Right,241,-0.163075
Right,242,-0.175882
Right,243,-0.1769
Right,244,-0.189738
Right,245,-0.185024
Right,246,-0.201799
Right,247,-0.23528
Right,248,-0.196986
Right,249,-0.188284
Right,250,-0.208717
Right,251,-0.21943
Right,252,-0.194163
Right,253,-0.203794
Right,254,-0.192742
Right,255,-0.22356
Right,256,-0.232647
Right,257,-0.187249
Right,258,-0.216728
Right,259,-0.213898
Right,260,-0.180613
Right,261,-0.197285
Right,262,-0.165091
Right,263,-0.145803
Right,264,-0.141214
Right,265,-0.123455
Right,266,-0.141975
Right,267,-0.147202
Right,268,-0.093131
Right,269,-0.080332
Right,270,-0.065936
Right,271,-0.073426
Right,272,0.002134
Right,273,-0.01386
Right,274,0.027515
Right,275,-0.026461
Right,276,0.011177
Right,277,0.051248
Right,278,0.086957
Right,279,0.046962
Right,280,0.078825
Right,281,0.124451
Right,282,0.138789
Right,283,0.154022
Right,284,0.165974
Right,285,0.184848
Right,286,0.229666
Right,287,0.237085
Right,288,0.216777
Right,289,0.253755
Right,290,0.271208
Right,291,0.304558
Right,292,0.293718
Right,293,0.329615
Right,294,0.329194
Right,295,0.317285
Right,296,0.347591
Right,297,0.352309
Right,298,0.340945
Right,299,0.339701
Right,300,0.366672
Right,301,0.337081
Right,302,0.39024
Right,303,0.38033
Right,304,0.372959
Right,305,0.335375
Right,306,0.331969
Right,307,0.337286
Right,308,0.342961
Right,309,0.340196
Right,310,0.289608
Right,311,0.287225
Right,312,0.283853
Right,313,0.291127
Right,314,0.27706
Right,315,0.213224
Right,316,0.22667
Right,317,0.204576
Right,318,0.150123
Right,319,0.154581
Right,320,0.106586
Right,321,0.120448
Right,322,0.070882
Right,323,0.063055
Right,324,0.012875
Right,325,-0.011124
Right,326,-0.007407
Right,327,-0.083644
Right,328,-0.098492
Right,329,-0.095311
Right,330,-0.128148
Right,331,-0.176011
Right,332,-0.214536
Right,333,-0.215214
Right,334,-0.311428
Right,335,-0.308393
Right,336,-0.321206
Right,337,-0.341183
Right,338,-0.323395
Right,339,-0.374351
Right,340,-0.426046
Right,341,-0.434684
Right,342,-0.467337
Right,343,-0.448788
Right,344,-0.482758
Right,345,-0.483019
Right,346,-0.497678
Right,347,-0.50191
Right,348,-0.486742
Right,349,-0.502015
Right,350,-0.488584
Right,351,-0.528828
Right,352,-0.527816
Right,353,-0.516947
Right,354,-0.521159
Right,355,-0.537416
Right,356,-0.488647
Right,357,-0.500135
Right,358,-0.470815
Right,359,-0.473401
Right,360,-0.420431
Right,361,-0.409952
Right,362,-0.4268
Right,363,-0.343817
Right,364,-0.322187
Right,365,-0.318659
Right,366,-0.290819
Right,367,-0.276406
Right,368,-0.213639
Right,369,-0.259349
Right,370,-0.150847
Right,371,-0.101519
Right,372,-0.100029
Right,373,-0.065498
Right,374,-0.002855
Right,375,0.015545
Right,376,0.047468
Right,377,0.069861
Right,378,0.104625
Right,379,0.169914
Right,380,0.199585
Right,381,0.240591
Right,382,0.260731
Right,383,0.288529
Right,384,0.330951
Right,385,0.388038
Right,386,0.407319
Right,387,0.477252
Right,388,0.487786
Right,389,0.47129
Right,390,0.540382
Right,391,0.529263
Right,392,0.603884
Right,393,0.598788
Right,394,0.630383
Right,395,0.648454
Right,396,0.598874
Right,397,0.654709
Right,398,0.697955
Right,399,0.660815
Right,400,0.664107
Right,401,0.698027
Right,402,0.682243
Right,403,0.679663
Right,404,0.646945
Right,405,0.665884
Right,406,0.667093
Right,407,0.656423
Right,408,0.626568
Right,409,0.608803
Right,410,0.54818
Right,411,0.504394
Right,412,0.527791
Right,413,0.432607
Right,414,0.463305
Right,415,0.468939
Right,416,0.372544
Right,417,0.329351
Right,418,0.330476
Right,419,0.247705
Right,420,0.212168
Right,421,0.159962
Right,422,0.110126
Right,423,0.103352
Right,424,0.019791
Right,425,-0.013732
Right,426,-0.074685
Right,427,-0.109917
Right,428,-0.162655
Right,429,-0.21148
Right,430,-0.251744
Right,431,-0.309029
Right,432,-0.339981
Right,433,-0.402094
Right,434,-0.417272
Right,435,-0.50331
Right,436,-0.476952
Right,437,-0.556843
Right,438,-0.577214
Right,439,-0.629234
Right,440,-0.684319
Right,441,-0.710733
Right,442,-0.702979
Right,443,-0.769094
Right,444,-0.781716
Right,445,-0.79428
Right,446,-0.816486
Right,447,-0.818354
Right,448,-0.794733
Right,449,-0.849571
Right,450,-0.875738
Right,451,-0.852056
Right,452,-0.841972
Right,453,-0.854683
Right,454,-0.845876
Right,455,-0.822229
Right,456,-0.818536
Right,457,-0.762525
Right,458,-0.768058
Right,459,-0.736188
Right,460,-0.658851
Right,461,-0.655737
Right,462,-0.629215
Right,463,-0.583542
Right,464,-0.540616
Right,465,-0.507439
Right,466,-0.506895
Right,467,-0.421671
Right,468,-0.348737
Right,469,-0.303823
Right,470,-0.232823
Right,471,-0.183126
Right,472,-0.129713
Right,473,-0.071095
Right,474,-0.067292
Right,475,0.027546
Right,476,0.09172
Right,477,0.173675
Right,478,0.200174
Right,479,0.247889
Right,480,0.341457
Right,481,0.347275
Right,482,0.416783
Right,483,0.473531
Right,484,0.543511
Right,485,0.621716
Right,486,0.624578
Right,487,0.650231
Right,488,0.686738
Right,489,0.7368
Right,490,0.81116
Right,491,0.839276
Right,492,0.869072
Right,493,0.877039
Right,494,0.918545
Right,495,0.968382
Right,496,0.958435
Right,497,0.985676
Right,498,0.981267
Right,499,1.0
Right,500,1.0
Right,501,0.990386
Right,502,0.988628
Right,503,1.0
Right,504,0.940221
Right,505,0.915625
Right,506,0.910323
Right,507,0.91615
Right,508,0.839644
Right,509,0.824406
Right,510,0.799807
Right,511,0.756622
Right,512,0.680183
Right,513,0.688719
Right,514,0.640549
Right,515,0.530113
Right,516,0.528624
Right,517,0.454433
Right,518,0.406453
Right,519,0.331893
Right,520,0.249056
Right,521,0.223053
Right,522,0.157895
Right,523,0.084488
Right,524,0.027273
Right,525,-0.01606
Right,526,-0.05057
Right,527,-0.150798
Right,528,-0.214763
Right,529,-0.278443
Right,530,-0.364337
Right,531,-0.407137
Right,532,-0.446468
Right,533,-0.5376
Right,534,-0.568855
Right,535,-0.622172
Right,536,-0.672149
Right,537,-0.723521
Right,538,-0.7176
Right,539,-0.804921
Right,540,-0.807264
Right,541,-0.881686
Right,542,-0.907594
Right,543,-0.889927
Right,544,-0.938993
Right,545,-0.937452
Right,546,-0.984938
Right,547,-1.0
Right,548,-0.976907
Right,549,-1.0
Right,550,-0.985438
Right,551,-0.99528
Right,552,-0.976342
Right,553,-0.968854
Right,554,-0.936239
Right,555,-0.947875
Right,556,-0.912684
Right,557,-0.87823
Right,558,-0.850971
Right,559,-0.852579
Right,560,-0.76777
Right,561,-0.720719
Right,562,-0.726747
Right,563,-0.661583
Right,564,-0.625365
Right,565,-0.580918
Right,566,-0.515853
Right,567,-0.427137
Right,568,-0.393018
Right,569,-0.312782
Right,570,-0.308061
Right,571,-0.225906
Right,572,-0.17185
Right,573,-0.061627
Right,574,0.023431
Right,575,0.03574
Right,576,0.08325
Right,577,0.143787
Right,578,0.214925
Right,579,0.291898
Right,580,0.325455
Right,581,0.423088
Right,582,0.480132
Right,583,0.512426
Right,584,0.571026
Right,585,0.66566
Right,586,0.661559
Right,587,0.695846
Right,588,0.778919
Right,589,0.775275
Right,590,0.824275
Right,591,0.88215
Right,592,0.901884
Right,593,0.911468
Right,594,0.951156
Right,595,0.926291
Right,596,0.947068
Right,597,0.978952
Right,598,1.0
Right,599,1.0
Right,600,0.988333
Right,601,1.0
Right,602,1.0
Right,603,0.973057
Right,604,0.957985
Right,605,0.955922
Right,606,0.909334
Right,607,0.892475
Right,608,0.851648
Right,609,0.804123
Right,610,0.784097
Right,611,0.74111
Right,612,0.724818
Right,613,0.629616
Right,614,0.618602
Right,615,0.544567
Right,616,0.514763
Right,617,0.4182
Right,618,0.367103
Right,619,0.344845
Right,620,0.271886
Right,621,0.198644
Right,622,0.129235
Right,623,0.111153
Right,624,0.009921
Right,625,-0.047872
Right,626,-0.099187
Right,627,-0.152769
Right,628,-0.207483
Right,629,-0.278743
Right,630,-0.369051
Right,631,-0.396542
Right,632,-0.471326
Right,633,-0.517904
Right,634,-0.55848
Right,635,-0.639088
Right,636,-0.679745
Right,637,-0.734871
Right,638,-0.744682
Right,639,-0.768823
Right,640,-0.839008
Right,641,-0.836023
Right,642,-0.897584
Right,643,-0.911298
Right,644,-0.942703
Right,645,-0.983766
Right,646,-0.98422
Right,647,-0.994434
Right,648,-0.989271
Right,649,-1.0
Right,650,-0.974783
Right,651,-1.0
Right,652,-0.970645
Right,653,-0.9805
Right,654,-0.956872
Right,655,-0.91694
Right,656,-0.923134
Right,657,-0.919047
Right,658,-0.876679
Right,659,-0.84807
Right,660,-0.772214
Right,661,-0.716331
Right,662,-0.698752
Right,663,-0.675807
Right,664,-0.611238
Right,665,-0.557873
Right,666,-0.494543
Right,667,-0.429424
Right,668,-0.374929
Right,669,-0.313083
Right,670,-0.295557
Right,671,-0.224174
Right,672,-0.152619
Right,673,-0.07024
Right,674,-0.027283
Right,675,0.059814
Right,676,0.092862
Right,677,0.161061
Right,678,0.221692
Right,679,0.326444
Right,680,0.331926
Right,681,0.402735
Right,682,0.459376
Right,683,0.539885
Right,684,0.562856
Right,685,0.610622
Right,686,0.655752
Right,687,0.7069
Right,688,0.754825
Right,689,0.782989
Right,690,0.854601
Right,691,0.855796
Right,692,0.888807
Right,693,0.910722
Right,694,0.943235
Right,695,0.951163
Right,696,0.977814
Right,697,0.98768
Right,698,0.986032
Right,699,1.0
Right,700,1.0
Right,701,0.968496
Right,702,0.987337
Right,703,0.942442
Right,704,0.954159
Right,705,0.89849
Right,706,0.877698
Right,707,0.861207
Right,708,0.849545
Right,709,0.790087
Right,710,0.749796
Right,711,0.713184
Right,712,0.702751
Right,713,0.663526
Right,714,0.59724
Right,715,0.53886
Right,716,0.45789
Right,717,0.410284
Right,718,0.321874
Right,719,0.279617
Right,720,0.254867
Right,721,0.191855
Right,722,0.116199
Right,723,0.053816
Right,724,0.008756
Right,725,-0.049805
Right,726,-0.129099
Right,727,-0.129568
Right,728,-0.19373
Right,729,-0.26049
Right,730,-0.290795
Right,731,-0.372614
Right,732,-0.383564
Right,733,-0.474657
Right,734,-0.496716
Right,735,-0.56183
Right,736,-0.580457
Right,737,-0.644078
Right,738,-0.637071
Right,739,-0.678425
Right,740,-0.724962
Right,741,-0.766291
Right,742,-0.784724
Right,743,-0.775976
Right,744,-0.82065
Right,745,-0.81803
Right,746,-0.808913
Right,747,-0.802646
Right,748,-0.798801
Right,749,-0.811734
Right,750,-0.806667
Right,751,-0.834424
Right,752,-0.834285
Right,753,-0.807592
Right,754,-0.76507
Right,755,-0.784058
Right,756,-0.711263
Right,757,-0.763572
Right,758,-0.695717
Right,759,-0.658944
Right,760,-0.628658
Right,761,-0.592915
Right,762,-0.56182
Right,763,-0.49065
Right,764,-0.443808
Right,765,-0.449327
Right,766,-0.351109
Right,767,-0.327506
Right,768,-0.288817
Right,769,-0.249257
Right,770,-0.19754
Right,771,-0.138984
Right,772,-0.112055
Right,773,-0.108
Right,774,-0.019396
Right,775,0.048335
Right,776,0.105891
Right,777,0.109168
Right,778,0.178924
Right,779,0.21395
Right,780,0.281465
Right,781,0.292813
Right,782,0.326505
Right,783,0.402521
Right,784,0.411973
Right,785,0.457781
Right,786,0.485649
Right,787,0.514935
Right,788,0.585534
Right,789,0.54293
Right,790,0.566665
Right,791,0.588175
Right,792,0.624691
Right,793,0.654809
Right,794,0.639626
Right,795,0.669405
Right,796,0.654024
Right,797,0.657786
Right,798,0.642222
Right,799,0.684907
Right,800,0.672078
Right,801,0.616365
Right,802,0.644088
Right,803,0.643043
Right,804,0.608395
Right,805,0.606541
Right,806,0.566274
Right,807,0.556906
Right,808,0.546727
Right,809,0.507409
Right,810,0.47417
Right,811,0.446809
Right,812,0.41762
Right,813,0.360449
Right,814,0.34415
Right,815,0.32321
Right,816,0.322975
Right,817,0.261006
Right,818,0.230727
Right,819,0.203733
Right,820,0.181393
Right,821,0.09789
Right,822,0.095493
Right,823,0.037952
Right,824,0.032484
Right,825,-0.020649
Right,826,-0.055768
Right,827,-0.096291
Right,828,-0.149483
Right,829,-0.181473
Right,830,-0.218646
Right,831,-0.236075
Right,832,-0.287778
Right,833,-0.278383
Right,834,-0.304972
Right,835,-0.345836
Right,836,-0.372727
Right,837,-0.380933
Right,838,-0.404414
Right,839,-0.417226
Right,840,-0.468408
Right,841,-0.470787
Right,842,-0.463751
Right,843,-0.475967
Right,844,-0.5302
Right,845,-0.490846
Right,846,-0.470098
Right,847,-0.502922
Right,848,-0.508662
Right,849,-0.50932
Right,850,-0.512921
Right,851,-0.513217
Right,852,-0.493137
Right,853,-0.500511
Right,854,-0.483478
Right,855,-0.40954
Right,856,-0.439496
Right,857,-0.425816
Right,858,-0.394892
Right,859,-0.392671
Right,860,-0.374018
Right,861,-0.363224
Right,862,-0.306171
Right,863,-0.281889
Right,864,-0.272585
Right,865,-0.26842
Right,866,-0.223629
Right,867,-0.159217
Right,868,-0.18577
Right,869,-0.115413
Right,870,-0.134193
Right,871,-0.07886
Right,872,-0.061944
Right,873,-0.047609
Right,874,-0.006824
Right,875,-0.016943
Right,876,0.037393
Right,877,0.086804
Right,878,0.098609
Right,879,0.120854
Right,880,0.139899
Right,881,0.172805
Right,882,0.200774
Right,883,0.190208
Right,884,0.211095
Right,885,0.252232
Right,886,0.224371
Right,887,0.295875
Right,888,0.25574
Right,889,0.294147
Right,890,0.266315
Right,891,0.290722
Right,892,0.342954
Right,893,0.344244
Right,894,0.319875
Right,895,0.328964
Right,896,0.332106
Right,897,0.356766
Right,898,0.33732
Right,899,0.307855
Right,900,0.319995
Right,901,0.349411
Right,902,0.328119
Right,903,0.308367
Right,904,0.282843
Right,905,0.284535
Right,906,0.278063
Right,907,0.273903
Right,908,0.257258
Right,909,0.233986
Right,910,0.214531
Right,911,0.196629
Right,912,0.180692
Right,913,0.163764
Right,914,0.213761
Right,915,0.112894
Right,916,0.144132
Right,917,0.125224
Right,918,0.091248
Right,919,0.070917
Right,920,0.055489
Right,921,0.058544
Right,922,0.068636
Right,923,0.00511
Right,924,0.010042
Right,925,-0.032372
Right,926,-0.021228
Right,927,-0.04495
Right,928,-0.074151
Right,929,-0.083389
Right,930,-0.099535
Right,931,-0.090852
Right,932,-0.139925
Right,933,-0.129002
Right,934,-0.145658
Right,935,-0.118511
Right,936,-0.122197
Right,937,-0.194451
Right,938,-0.159826
Right,939,-0.192912
Right,940,-0.130539
Right,941,-0.16766
Right,942,-0.174879
Right,943,-0.21393
Right,944,-0.167753
Right,945,-0.173291
Right,946,-0.155806
Right,947,-0.177924
Right,948,-0.159684
Right,949,-0.188368
Right,950,-0.133625
Right,951,-0.129132
Right,952,-0.155053
Right,953,-0.176123
Right,954,-0.143551
Right,955,-0.173544
Right,956,-0.127789
Right,957,-0.155393
Right,958,-0.092464
Right,959,-0.091677
Right,960,-0.108426
Right,961,-0.091373
Right,962,-0.06112
Right,963,-0.041903
Right,964,-0.090239
Right,965,-0.016378
Right,966,-0.033017
Right,967,-0.008667
Right,968,-0.035622
Right,969,-0.032806
Right,970,0.002491
Right,971,-0.044516
Right,972,0.013284
Right,973,0.02255
Right,974,-0.005384
Right,975,0.022275
Right,976,-0.015415
Right,977,0.022223
Right,978,0.014993
Right,979,-0.000433
Right,980,0.008555
Right,981,0.005446
Right,982,0.004801
Right,983,0.021386
Right,984,0.025597
Right,985,0.03095
Right,986,0.025249
Right,987,0.056211
Right,988,0.001598
Right,989,-0.005961
Right,990,0.042695
Right,991,0.015599
Right,992,0.059445
Right,993,0.005195
Right,994,-0.027454
Right,995,-0.001812
Right,996,-0.012434
Right,997,-0.015134
Right,998,0.01927
Right,999,-0.042303
